{"entities":{"pages":{"translator-says":{"id":"translator-says","title":"译者说","url":"translator-says.html","level":0,"tabIndex":0},"home":{"id":"home","title":"首页","url":"home.html","level":0,"tabIndex":1},"getting-started":{"id":"getting-started","title":"入门","url":"getting-started.html","level":0,"tabIndex":2},"kotlin-tour-welcome":{"id":"kotlin-tour-welcome","title":"Kotlin 之旅","url":"kotlin-tour-welcome.html","level":0,"tabIndex":3},"-ci7nzv_6":{"id":"-ci7nzv_6","title":"Kotlin 概述","level":0,"pages":["multiplatform","server-overview","android-overview","wasm-overview","native-overview","js-overview","data-analysis-overview","competitive-programming"],"tabIndex":4},"multiplatform":{"id":"multiplatform","title":"Kotlin 跨平台","url":"multiplatform.html","level":1,"parentId":"-ci7nzv_6","tabIndex":0},"server-overview":{"id":"server-overview","title":"用于服务器端的 Kotlin","url":"server-overview.html","level":1,"parentId":"-ci7nzv_6","tabIndex":1},"android-overview":{"id":"android-overview","title":"Android 版 Kotlin","url":"android-overview.html","level":1,"parentId":"-ci7nzv_6","tabIndex":2},"wasm-overview":{"id":"wasm-overview","title":"Kotlin/Wasm","url":"wasm-overview.html","level":1,"parentId":"-ci7nzv_6","tabIndex":3},"native-overview":{"id":"native-overview","title":"Kotlin Native（Kotlin 原生）","url":"native-overview.html","level":1,"parentId":"-ci7nzv_6","tabIndex":4},"js-overview":{"id":"js-overview","title":"用于 JavaScript 的 Kotlin","url":"js-overview.html","level":1,"parentId":"-ci7nzv_6","tabIndex":5},"data-analysis-overview":{"id":"data-analysis-overview","title":"Kotlin 用于数据分析","url":"data-analysis-overview.html","level":1,"parentId":"-ci7nzv_6","tabIndex":6},"competitive-programming":{"id":"competitive-programming","title":"用于竞争性编程的 Kotlin","url":"competitive-programming.html","level":1,"parentId":"-ci7nzv_6","tabIndex":7},"-ci7nzv_7":{"id":"-ci7nzv_7","title":"Kotlin 的新增功能","level":0,"pages":["whatsnew2120","whatsnew21","-ci7nzv_43"],"tabIndex":5},"whatsnew2120":{"id":"whatsnew2120","title":"Kotlin 2.1.20","url":"whatsnew2120.html","level":1,"parentId":"-ci7nzv_7","tabIndex":0},"whatsnew21":{"id":"whatsnew21","title":"Kotlin 2.1.0","url":"whatsnew21.html","level":1,"parentId":"-ci7nzv_7","tabIndex":1},"-ci7nzv_43":{"id":"-ci7nzv_43","title":"早期版本","level":1,"parentId":"-ci7nzv_7","pages":["whatsnew2020","whatsnew20","whatsnew1920","whatsnew19","whatsnew1820","whatsnew18","whatsnew1720","whatsnew17","whatsnew1620","whatsnew16","whatsnew1530","whatsnew1520","whatsnew15","whatsnew1430","whatsnew1420","whatsnew14","whatsnew13","whatsnew12","whatsnew11"],"tabIndex":3},"whatsnew2020":{"id":"whatsnew2020","title":"Kotlin 2.0.20","url":"whatsnew2020.html","level":2,"parentId":"-ci7nzv_43","tabIndex":0},"whatsnew20":{"id":"whatsnew20","title":"Kotlin 2.0.0","url":"whatsnew20.html","level":2,"parentId":"-ci7nzv_43","tabIndex":1},"whatsnew1920":{"id":"whatsnew1920","title":"Kotlin 1.9.20","url":"whatsnew1920.html","level":2,"parentId":"-ci7nzv_43","tabIndex":2},"whatsnew19":{"id":"whatsnew19","title":"Kotlin 1.9.0","url":"whatsnew19.html","level":2,"parentId":"-ci7nzv_43","tabIndex":3},"whatsnew1820":{"id":"whatsnew1820","title":"Kotlin 1.8.20","url":"whatsnew1820.html","level":2,"parentId":"-ci7nzv_43","tabIndex":4},"whatsnew18":{"id":"whatsnew18","title":"Kotlin 1.8.0","url":"whatsnew18.html","level":2,"parentId":"-ci7nzv_43","tabIndex":5},"whatsnew1720":{"id":"whatsnew1720","title":"Kotlin 1.7.20","url":"whatsnew1720.html","level":2,"parentId":"-ci7nzv_43","tabIndex":6},"whatsnew17":{"id":"whatsnew17","title":"Kotlin 1.7.0","url":"whatsnew17.html","level":2,"parentId":"-ci7nzv_43","tabIndex":7},"whatsnew1620":{"id":"whatsnew1620","title":"Kotlin 1.6.20","url":"whatsnew1620.html","level":2,"parentId":"-ci7nzv_43","tabIndex":8},"whatsnew16":{"id":"whatsnew16","title":"Kotlin 1.6.0","url":"whatsnew16.html","level":2,"parentId":"-ci7nzv_43","tabIndex":9},"whatsnew1530":{"id":"whatsnew1530","title":"Kotlin 1.5.30","url":"whatsnew1530.html","level":2,"parentId":"-ci7nzv_43","tabIndex":10},"whatsnew1520":{"id":"whatsnew1520","title":"Kotlin 1.5.20","url":"whatsnew1520.html","level":2,"parentId":"-ci7nzv_43","tabIndex":11},"whatsnew15":{"id":"whatsnew15","title":"Kotlin 1.5.0","url":"whatsnew15.html","level":2,"parentId":"-ci7nzv_43","tabIndex":12},"whatsnew1430":{"id":"whatsnew1430","title":"Kotlin 1.4.30","url":"whatsnew1430.html","level":2,"parentId":"-ci7nzv_43","tabIndex":13},"whatsnew1420":{"id":"whatsnew1420","title":"Kotlin 1.4.20","url":"whatsnew1420.html","level":2,"parentId":"-ci7nzv_43","tabIndex":14},"whatsnew14":{"id":"whatsnew14","title":"Kotlin 1.4.0","url":"whatsnew14.html","level":2,"parentId":"-ci7nzv_43","tabIndex":15},"whatsnew13":{"id":"whatsnew13","title":"Kotlin 1.3","url":"whatsnew13.html","level":2,"parentId":"-ci7nzv_43","tabIndex":16},"whatsnew12":{"id":"whatsnew12","title":"Kotlin 1.2","url":"whatsnew12.html","level":2,"parentId":"-ci7nzv_43","tabIndex":17},"whatsnew11":{"id":"whatsnew11","title":"Kotlin 1.1","url":"whatsnew11.html","level":2,"parentId":"-ci7nzv_43","tabIndex":18},"-ci7nzv_8":{"id":"-ci7nzv_8","title":"Kotlin 演变和路线图","level":0,"pages":["roadmap","kotlin-language-features-and-proposals","kotlin-evolution-principles","components-stability","releases"],"tabIndex":6},"roadmap":{"id":"roadmap","title":"Kotlin 路线图","url":"roadmap.html","level":1,"parentId":"-ci7nzv_8","tabIndex":0},"kotlin-language-features-and-proposals":{"id":"kotlin-language-features-and-proposals","title":"语言特点和建议","url":"kotlin-language-features-and-proposals.html","level":1,"parentId":"-ci7nzv_8","tabIndex":1},"kotlin-evolution-principles":{"id":"kotlin-evolution-principles","title":"语言演变原则","url":"kotlin-evolution-principles.html","level":1,"parentId":"-ci7nzv_8","tabIndex":2},"components-stability":{"id":"components-stability","title":"Kotlin 组件的稳定性","url":"components-stability.html","level":1,"parentId":"-ci7nzv_8","tabIndex":3},"releases":{"id":"releases","title":"Kotlin 发布","url":"releases.html","level":1,"parentId":"-ci7nzv_8","tabIndex":5},"-ci7nzv_9":{"id":"-ci7nzv_9","title":"基础知识","level":0,"pages":["basic-syntax","idioms","-ci7nzv_71","coding-conventions"],"tabIndex":7},"basic-syntax":{"id":"basic-syntax","title":"基本语法","url":"basic-syntax.html","level":1,"parentId":"-ci7nzv_9","tabIndex":0},"idioms":{"id":"idioms","title":"惯用语法","url":"idioms.html","level":1,"parentId":"-ci7nzv_9","tabIndex":1},"-ci7nzv_71":{"id":"-ci7nzv_71","title":"Kotlin 实例讲解","url":"https://play.kotlinlang.org/byExample/overview","level":1,"parentId":"-ci7nzv_9","tabIndex":2},"coding-conventions":{"id":"coding-conventions","title":"编码约定","url":"coding-conventions.html","level":1,"parentId":"-ci7nzv_9","tabIndex":3},"-ci7nzv_10":{"id":"-ci7nzv_10","title":"概念","level":0,"pages":["-ci7nzv_73","-ci7nzv_74","packages","-ci7nzv_76","-ci7nzv_77","null-safety","equality","this-expressions","async-programming","coroutines-overview","annotations","destructuring-declarations","reflection"],"tabIndex":8},"-ci7nzv_73":{"id":"-ci7nzv_73","title":"类型","level":1,"parentId":"-ci7nzv_10","pages":["-ci7nzv_86","typecasts"],"tabIndex":0},"-ci7nzv_86":{"id":"-ci7nzv_86","title":"基本类型","level":2,"parentId":"-ci7nzv_73","pages":["basic-types","numbers","unsigned-integer-types","booleans","characters","strings","arrays"],"tabIndex":0},"basic-types":{"id":"basic-types","title":"概述","url":"basic-types.html","level":3,"parentId":"-ci7nzv_86","tabIndex":0},"numbers":{"id":"numbers","title":"数字（Numbers）","url":"numbers.html","level":3,"parentId":"-ci7nzv_86","tabIndex":1},"unsigned-integer-types":{"id":"unsigned-integer-types","title":"无符号整数类型（Unsigned integer types）","url":"unsigned-integer-types.html","level":3,"parentId":"-ci7nzv_86","tabIndex":2},"booleans":{"id":"booleans","title":"布尔值（Booleans）","url":"booleans.html","level":3,"parentId":"-ci7nzv_86","tabIndex":3},"characters":{"id":"characters","title":"字符（Characters）","url":"characters.html","level":3,"parentId":"-ci7nzv_86","tabIndex":4},"strings":{"id":"strings","title":"字符串（Strings）","url":"strings.html","level":3,"parentId":"-ci7nzv_86","tabIndex":5},"arrays":{"id":"arrays","title":"数组（Arrays）","url":"arrays.html","level":3,"parentId":"-ci7nzv_86","tabIndex":6},"typecasts":{"id":"typecasts","title":"类型检查和强制转换","url":"typecasts.html","level":2,"parentId":"-ci7nzv_73","tabIndex":1},"-ci7nzv_74":{"id":"-ci7nzv_74","title":"控制流","level":1,"parentId":"-ci7nzv_10","pages":["control-flow","returns","exceptions"],"tabIndex":1},"control-flow":{"id":"control-flow","title":"条件和循环","url":"control-flow.html","level":2,"parentId":"-ci7nzv_74","tabIndex":0},"returns":{"id":"returns","title":"返回和跳转","url":"returns.html","level":2,"parentId":"-ci7nzv_74","tabIndex":1},"exceptions":{"id":"exceptions","title":"异常","url":"exceptions.html","level":2,"parentId":"-ci7nzv_74","tabIndex":2},"packages":{"id":"packages","title":"包和导入","url":"packages.html","level":1,"parentId":"-ci7nzv_10","tabIndex":2},"-ci7nzv_76":{"id":"-ci7nzv_76","title":"类与对象","level":1,"parentId":"-ci7nzv_10","pages":["classes","inheritance","properties","interfaces","fun-interfaces","visibility-modifiers","extensions","data-classes","sealed-classes","generics","nested-classes","enum-classes","inline-classes","object-declarations","delegation","delegated-properties","type-aliases"],"tabIndex":3},"classes":{"id":"classes","title":"类","url":"classes.html","level":2,"parentId":"-ci7nzv_76","tabIndex":0},"inheritance":{"id":"inheritance","title":"继承","url":"inheritance.html","level":2,"parentId":"-ci7nzv_76","tabIndex":1},"properties":{"id":"properties","title":"属性","url":"properties.html","level":2,"parentId":"-ci7nzv_76","tabIndex":2},"interfaces":{"id":"interfaces","title":"接口","url":"interfaces.html","level":2,"parentId":"-ci7nzv_76","tabIndex":3},"fun-interfaces":{"id":"fun-interfaces","title":"函数式编程（SAM）接口","url":"fun-interfaces.html","level":2,"parentId":"-ci7nzv_76","tabIndex":4},"visibility-modifiers":{"id":"visibility-modifiers","title":"可见性修饰符","url":"visibility-modifiers.html","level":2,"parentId":"-ci7nzv_76","tabIndex":5},"extensions":{"id":"extensions","title":"扩展","url":"extensions.html","level":2,"parentId":"-ci7nzv_76","tabIndex":6},"data-classes":{"id":"data-classes","title":"数据类","url":"data-classes.html","level":2,"parentId":"-ci7nzv_76","tabIndex":7},"sealed-classes":{"id":"sealed-classes","title":"密封类和接口","url":"sealed-classes.html","level":2,"parentId":"-ci7nzv_76","tabIndex":8},"generics":{"id":"generics","title":"泛型：in、out、where","url":"generics.html","level":2,"parentId":"-ci7nzv_76","tabIndex":9},"nested-classes":{"id":"nested-classes","title":"嵌套类和内部类","url":"nested-classes.html","level":2,"parentId":"-ci7nzv_76","tabIndex":10},"enum-classes":{"id":"enum-classes","title":"枚举类","url":"enum-classes.html","level":2,"parentId":"-ci7nzv_76","tabIndex":11},"inline-classes":{"id":"inline-classes","title":"内联值类","url":"inline-classes.html","level":2,"parentId":"-ci7nzv_76","tabIndex":12},"object-declarations":{"id":"object-declarations","title":"对象声明和表达式","url":"object-declarations.html","level":2,"parentId":"-ci7nzv_76","tabIndex":13},"delegation":{"id":"delegation","title":"委托","url":"delegation.html","level":2,"parentId":"-ci7nzv_76","tabIndex":14},"delegated-properties":{"id":"delegated-properties","title":"委托属性","url":"delegated-properties.html","level":2,"parentId":"-ci7nzv_76","tabIndex":15},"type-aliases":{"id":"type-aliases","title":"类型别名","url":"type-aliases.html","level":2,"parentId":"-ci7nzv_76","tabIndex":16},"-ci7nzv_77":{"id":"-ci7nzv_77","title":"函数方法","level":1,"parentId":"-ci7nzv_10","pages":["functions","lambdas","inline-functions","operator-overloading","-ci7nzv_119"],"tabIndex":4},"functions":{"id":"functions","title":"函数","url":"functions.html","level":2,"parentId":"-ci7nzv_77","tabIndex":0},"lambdas":{"id":"lambdas","title":"Lambdas 表达式","url":"lambdas.html","level":2,"parentId":"-ci7nzv_77","tabIndex":1},"inline-functions":{"id":"inline-functions","title":"内联函数","url":"inline-functions.html","level":2,"parentId":"-ci7nzv_77","tabIndex":2},"operator-overloading":{"id":"operator-overloading","title":"运算符重载","url":"operator-overloading.html","level":2,"parentId":"-ci7nzv_77","tabIndex":3},"-ci7nzv_119":{"id":"-ci7nzv_119","title":"构建器","level":2,"parentId":"-ci7nzv_77","pages":["type-safe-builders","using-builders-with-builder-inference"],"tabIndex":4},"type-safe-builders":{"id":"type-safe-builders","title":"类型安全的构建器","url":"type-safe-builders.html","level":3,"parentId":"-ci7nzv_119","tabIndex":0},"using-builders-with-builder-inference":{"id":"using-builders-with-builder-inference","title":"使用带有构建器类型推断的构建器","url":"using-builders-with-builder-inference.html","level":3,"parentId":"-ci7nzv_119","tabIndex":1},"null-safety":{"id":"null-safety","title":"空安全","url":"null-safety.html","level":1,"parentId":"-ci7nzv_10","tabIndex":5},"equality":{"id":"equality","title":"相等性","url":"equality.html","level":1,"parentId":"-ci7nzv_10","tabIndex":6},"this-expressions":{"id":"this-expressions","title":"This 表达式","url":"this-expressions.html","level":1,"parentId":"-ci7nzv_10","tabIndex":7},"async-programming":{"id":"async-programming","title":"异步编程技术","url":"async-programming.html","level":1,"parentId":"-ci7nzv_10","tabIndex":8},"coroutines-overview":{"id":"coroutines-overview","title":"协程","url":"coroutines-overview.html","level":1,"parentId":"-ci7nzv_10","tabIndex":9},"annotations":{"id":"annotations","title":"注解","url":"annotations.html","level":1,"parentId":"-ci7nzv_10","tabIndex":10},"destructuring-declarations":{"id":"destructuring-declarations","title":"解构声明","url":"destructuring-declarations.html","level":1,"parentId":"-ci7nzv_10","tabIndex":11},"reflection":{"id":"reflection","title":"反射","url":"reflection.html","level":1,"parentId":"-ci7nzv_10","tabIndex":12},"-ci7nzv_11":{"id":"-ci7nzv_11","title":"跨平台开发","level":0,"pages":["multiplatform-intro","multiplatform-discover-project","multiplatform-advanced-project-structure","-ci7nzv_125","-ci7nzv_126","-ci7nzv_127","-ci7nzv_128","multiplatform-publish-lib","-ci7nzv_130"],"tabIndex":9},"multiplatform-intro":{"id":"multiplatform-intro","title":"介绍","url":"multiplatform-intro.html","level":1,"parentId":"-ci7nzv_11","tabIndex":0},"multiplatform-discover-project":{"id":"multiplatform-discover-project","title":"了解基本项目结构","url":"multiplatform-discover-project.html","level":1,"parentId":"-ci7nzv_11","tabIndex":1},"multiplatform-advanced-project-structure":{"id":"multiplatform-advanced-project-structure","title":"探索先进的项目结构","url":"multiplatform-advanced-project-structure.html","level":1,"parentId":"-ci7nzv_11","tabIndex":2},"-ci7nzv_125":{"id":"-ci7nzv_125","title":"共享代码","level":1,"parentId":"-ci7nzv_11","pages":["multiplatform-share-on-platforms","multiplatform-expect-actual","multiplatform-hierarchy"],"tabIndex":3},"multiplatform-share-on-platforms":{"id":"multiplatform-share-on-platforms","title":"在平台上共享代码","url":"multiplatform-share-on-platforms.html","level":2,"parentId":"-ci7nzv_125","tabIndex":0},"multiplatform-expect-actual":{"id":"multiplatform-expect-actual","title":"预期声明和实际声明","url":"multiplatform-expect-actual.html","level":2,"parentId":"-ci7nzv_125","tabIndex":1},"multiplatform-hierarchy":{"id":"multiplatform-hierarchy","title":"分层项目结构","url":"multiplatform-hierarchy.html","level":2,"parentId":"-ci7nzv_125","tabIndex":2},"-ci7nzv_126":{"id":"-ci7nzv_126","title":"添加依赖项","level":1,"parentId":"-ci7nzv_11","pages":["multiplatform-add-dependencies","multiplatform-android-dependencies","multiplatform-ios-dependencies"],"tabIndex":4},"multiplatform-add-dependencies":{"id":"multiplatform-add-dependencies","title":"在跨平台库上","url":"multiplatform-add-dependencies.html","level":2,"parentId":"-ci7nzv_126","tabIndex":0},"multiplatform-android-dependencies":{"id":"multiplatform-android-dependencies","title":"对于 Android 目标平台","url":"multiplatform-android-dependencies.html","level":2,"parentId":"-ci7nzv_126","tabIndex":1},"multiplatform-ios-dependencies":{"id":"multiplatform-ios-dependencies","title":"对于 iOS 目标平台","url":"multiplatform-ios-dependencies.html","level":2,"parentId":"-ci7nzv_126","tabIndex":2},"-ci7nzv_127":{"id":"-ci7nzv_127","title":"设置 iOS 集成","level":1,"parentId":"-ci7nzv_11","pages":["multiplatform-ios-integration-overview","multiplatform-direct-integration","native-spm","-ci7nzv_140","multiplatform-spm-local-integration"],"tabIndex":5},"multiplatform-ios-integration-overview":{"id":"multiplatform-ios-integration-overview","title":"选择整合方式","url":"multiplatform-ios-integration-overview.html","level":2,"parentId":"-ci7nzv_127","tabIndex":0},"multiplatform-direct-integration":{"id":"multiplatform-direct-integration","title":"直接集成","url":"multiplatform-direct-integration.html","level":2,"parentId":"-ci7nzv_127","tabIndex":1},"native-spm":{"id":"native-spm","title":"远程 SPM 导出","url":"native-spm.html","level":2,"parentId":"-ci7nzv_127","tabIndex":2},"-ci7nzv_140":{"id":"-ci7nzv_140","title":"CocoaPods 集成","level":2,"parentId":"-ci7nzv_127","pages":["native-cocoapods","native-cocoapods-libraries","native-cocoapods-xcode","native-cocoapods-dsl-reference"],"tabIndex":3},"native-cocoapods":{"id":"native-cocoapods","title":"CocoaPods 概述和设置","url":"native-cocoapods.html","level":3,"parentId":"-ci7nzv_140","tabIndex":0},"native-cocoapods-libraries":{"id":"native-cocoapods-libraries","title":"添加对 Pod 库的依赖","url":"native-cocoapods-libraries.html","level":3,"parentId":"-ci7nzv_140","tabIndex":1},"native-cocoapods-xcode":{"id":"native-cocoapods-xcode","title":"使用 Kotlin Gradle 项目作为 CocoaPods 依赖","url":"native-cocoapods-xcode.html","level":3,"parentId":"-ci7nzv_140","tabIndex":2},"native-cocoapods-dsl-reference":{"id":"native-cocoapods-dsl-reference","title":"CocoaPods Gradle 插件 DSL 参考","url":"native-cocoapods-dsl-reference.html","level":3,"parentId":"-ci7nzv_140","tabIndex":3},"multiplatform-spm-local-integration":{"id":"multiplatform-spm-local-integration","title":"与 SPM 的本地集成","url":"multiplatform-spm-local-integration.html","level":2,"parentId":"-ci7nzv_127","tabIndex":4},"-ci7nzv_128":{"id":"-ci7nzv_128","title":"编译构件(artifact)","level":1,"parentId":"-ci7nzv_11","pages":["multiplatform-configure-compilations","multiplatform-build-native-binaries"],"tabIndex":6},"multiplatform-configure-compilations":{"id":"multiplatform-configure-compilations","title":"配置编译","url":"multiplatform-configure-compilations.html","level":2,"parentId":"-ci7nzv_128","tabIndex":0},"multiplatform-build-native-binaries":{"id":"multiplatform-build-native-binaries","title":"构建最终的原生二进制文件","url":"multiplatform-build-native-binaries.html","level":2,"parentId":"-ci7nzv_128","tabIndex":2},"multiplatform-publish-lib":{"id":"multiplatform-publish-lib","title":"Set up library publication","url":"multiplatform-publish-lib.html","level":1,"parentId":"-ci7nzv_11","tabIndex":7},"-ci7nzv_130":{"id":"-ci7nzv_130","title":"参考","level":1,"parentId":"-ci7nzv_11","pages":["multiplatform-dsl-reference","multiplatform-android-layout","multiplatform-compatibility-guide","multiplatform-plugin-releases"],"tabIndex":8},"multiplatform-dsl-reference":{"id":"multiplatform-dsl-reference","title":"跨平台 Gradle DSL 参考","url":"multiplatform-dsl-reference.html","level":2,"parentId":"-ci7nzv_130","tabIndex":0},"multiplatform-android-layout":{"id":"multiplatform-android-layout","title":"Android 源码集布局","url":"multiplatform-android-layout.html","level":2,"parentId":"-ci7nzv_130","tabIndex":1},"multiplatform-compatibility-guide":{"id":"multiplatform-compatibility-guide","title":"兼容性指南","url":"multiplatform-compatibility-guide.html","level":2,"parentId":"-ci7nzv_130","tabIndex":2},"multiplatform-plugin-releases":{"id":"multiplatform-plugin-releases","title":"Kotlin 跨平台插件发布","url":"multiplatform-plugin-releases.html","level":2,"parentId":"-ci7nzv_130","tabIndex":3},"-ci7nzv_12":{"id":"-ci7nzv_12","title":"数据分析","level":0,"pages":["-ci7nzv_153","kotlin-notebook-share","data-analysis-notebooks-output-formats","-ci7nzv_156","data-analysis-visualization","data-analysis-libraries"],"tabIndex":10},"-ci7nzv_153":{"id":"-ci7nzv_153","title":"开始使用 Kotlin Notebook","level":1,"parentId":"-ci7nzv_12","pages":["get-started-with-kotlin-notebooks","kotlin-notebook-set-up-env","kotlin-notebook-create","kotlin-notebook-add-dependencies"],"tabIndex":0},"get-started-with-kotlin-notebooks":{"id":"get-started-with-kotlin-notebooks","title":"Introduction to Kotlin Notebook","url":"get-started-with-kotlin-notebooks.html","level":2,"parentId":"-ci7nzv_153","tabIndex":0},"kotlin-notebook-set-up-env":{"id":"kotlin-notebook-set-up-env","title":"1. Set up an environment","url":"kotlin-notebook-set-up-env.html","level":2,"parentId":"-ci7nzv_153","tabIndex":1},"kotlin-notebook-create":{"id":"kotlin-notebook-create","title":"2. Create your first Kotlin Notebook","url":"kotlin-notebook-create.html","level":2,"parentId":"-ci7nzv_153","tabIndex":2},"kotlin-notebook-add-dependencies":{"id":"kotlin-notebook-add-dependencies","title":"3. Add dependencies to your Kotlin Notebook","url":"kotlin-notebook-add-dependencies.html","level":2,"parentId":"-ci7nzv_153","tabIndex":3},"kotlin-notebook-share":{"id":"kotlin-notebook-share","title":"Share your Kotlin Notebook","url":"kotlin-notebook-share.html","level":1,"parentId":"-ci7nzv_12","tabIndex":1},"data-analysis-notebooks-output-formats":{"id":"data-analysis-notebooks-output-formats","title":"Output formats in Kotlin notebooks","url":"data-analysis-notebooks-output-formats.html","level":1,"parentId":"-ci7nzv_12","tabIndex":2},"-ci7nzv_156":{"id":"-ci7nzv_156","title":"Working with data sources","level":1,"parentId":"-ci7nzv_12","pages":["data-analysis-work-with-data-sources","data-analysis-work-with-api","data-analysis-connect-to-db"],"tabIndex":3},"data-analysis-work-with-data-sources":{"id":"data-analysis-work-with-data-sources","title":"Retrieve data from files","url":"data-analysis-work-with-data-sources.html","level":2,"parentId":"-ci7nzv_156","tabIndex":0},"data-analysis-work-with-api":{"id":"data-analysis-work-with-api","title":"Retrieve data from web sources and APIs","url":"data-analysis-work-with-api.html","level":2,"parentId":"-ci7nzv_156","tabIndex":1},"data-analysis-connect-to-db":{"id":"data-analysis-connect-to-db","title":"Connect and retrieve data from databases","url":"data-analysis-connect-to-db.html","level":2,"parentId":"-ci7nzv_156","tabIndex":2},"data-analysis-visualization":{"id":"data-analysis-visualization","title":"Data visualization in Kotlin Notebook","url":"data-analysis-visualization.html","level":1,"parentId":"-ci7nzv_12","tabIndex":4},"data-analysis-libraries":{"id":"data-analysis-libraries","title":"Libraries for data analysis","url":"data-analysis-libraries.html","level":1,"parentId":"-ci7nzv_12","tabIndex":5},"-ci7nzv_13":{"id":"-ci7nzv_13","title":"平台","level":0,"pages":["-ci7nzv_166","-ci7nzv_167","-ci7nzv_168","-ci7nzv_169","-ci7nzv_170"],"tabIndex":11},"-ci7nzv_166":{"id":"-ci7nzv_166","title":"JVM","level":1,"parentId":"-ci7nzv_13","pages":["jvm-get-started","comparison-to-java","java-interop","java-to-kotlin-interop","-ci7nzv_175","jvm-test-using-junit","mixing-java-kotlin-intellij","jvm-records","-ci7nzv_179"],"tabIndex":0},"jvm-get-started":{"id":"jvm-get-started","title":"Kotlin/JVM 入门","url":"jvm-get-started.html","level":2,"parentId":"-ci7nzv_166","tabIndex":0},"comparison-to-java":{"id":"comparison-to-java","title":"与 Java 的比较","url":"comparison-to-java.html","level":2,"parentId":"-ci7nzv_166","tabIndex":1},"java-interop":{"id":"java-interop","title":"在 Kotlin 中调用 Java","url":"java-interop.html","level":2,"parentId":"-ci7nzv_166","tabIndex":2},"java-to-kotlin-interop":{"id":"java-to-kotlin-interop","title":"在 Java 中调用 Kotlin","url":"java-to-kotlin-interop.html","level":2,"parentId":"-ci7nzv_166","tabIndex":3},"-ci7nzv_175":{"id":"-ci7nzv_175","title":"Spring","level":2,"parentId":"-ci7nzv_166","pages":["-ci7nzv_180","-ci7nzv_181","-ci7nzv_182","-ci7nzv_183"],"tabIndex":4},"-ci7nzv_180":{"id":"-ci7nzv_180","title":"使用 Spring Boot 创建一个带有数据库的 RESTful Web 服务","level":3,"parentId":"-ci7nzv_175","pages":["jvm-get-started-spring-boot","jvm-create-project-with-spring-boot","jvm-spring-boot-add-data-class","jvm-spring-boot-add-db-support","jvm-spring-boot-using-crudrepository"],"tabIndex":0},"jvm-get-started-spring-boot":{"id":"jvm-get-started-spring-boot","title":"开始使用 Spring Boot 和 Kotlin","url":"jvm-get-started-spring-boot.html","level":4,"parentId":"-ci7nzv_180","tabIndex":0},"jvm-create-project-with-spring-boot":{"id":"jvm-create-project-with-spring-boot","title":"创建一个 Spring Boot 项目","url":"jvm-create-project-with-spring-boot.html","level":4,"parentId":"-ci7nzv_180","tabIndex":1},"jvm-spring-boot-add-data-class":{"id":"jvm-spring-boot-add-data-class","title":"使用数据类升级您的项目","url":"jvm-spring-boot-add-data-class.html","level":4,"parentId":"-ci7nzv_180","tabIndex":2},"jvm-spring-boot-add-db-support":{"id":"jvm-spring-boot-add-db-support","title":"为 Spring Boot 项目添加数据库支持","url":"jvm-spring-boot-add-db-support.html","level":4,"parentId":"-ci7nzv_180","tabIndex":3},"jvm-spring-boot-using-crudrepository":{"id":"jvm-spring-boot-using-crudrepository","title":"使用 Spring Data CrudRepository","url":"jvm-spring-boot-using-crudrepository.html","level":4,"parentId":"-ci7nzv_180","tabIndex":4},"-ci7nzv_181":{"id":"-ci7nzv_181","title":"Kotlin 的 Spring 框架文档","url":"https://docs.spring.io/spring-framework/docs/current/reference/html/languages.html#languages","level":3,"parentId":"-ci7nzv_175","tabIndex":1},"-ci7nzv_182":{"id":"-ci7nzv_182","title":"使用 Spring Boot 和 Kotlin 构建 Web 应用程序 – 教程","url":"https://spring.io/guides/tutorials/spring-boot-kotlin/","level":3,"parentId":"-ci7nzv_175","tabIndex":2},"-ci7nzv_183":{"id":"-ci7nzv_183","title":"使用 Kotlin 协程和 RSocket 创建聊天应用程序 - 教程","url":"https://spring.io/guides/tutorials/spring-webflux-kotlin-rsocket/","level":3,"parentId":"-ci7nzv_175","tabIndex":3},"jvm-test-using-junit":{"id":"jvm-test-using-junit","title":"在 JVM 中使用 JUnit 测试代码 – 教程","url":"jvm-test-using-junit.html","level":2,"parentId":"-ci7nzv_166","tabIndex":5},"mixing-java-kotlin-intellij":{"id":"mixing-java-kotlin-intellij","title":"在同一个项目中混合使用 Java 和 Kotlin - 教程","url":"mixing-java-kotlin-intellij.html","level":2,"parentId":"-ci7nzv_166","tabIndex":6},"jvm-records":{"id":"jvm-records","title":"在 Kotlin 中使用 Java 记录类（records）","url":"jvm-records.html","level":2,"parentId":"-ci7nzv_166","tabIndex":7},"-ci7nzv_179":{"id":"-ci7nzv_179","title":"Java 到 Kotlin 迁移指南","level":2,"parentId":"-ci7nzv_166","pages":["java-to-kotlin-idioms-strings","java-to-kotlin-collections-guide","java-to-kotlin-nullability-guide","standard-input"],"tabIndex":8},"java-to-kotlin-idioms-strings":{"id":"java-to-kotlin-idioms-strings","title":"字符串(Strings)","url":"java-to-kotlin-idioms-strings.html","level":3,"parentId":"-ci7nzv_179","tabIndex":0},"java-to-kotlin-collections-guide":{"id":"java-to-kotlin-collections-guide","title":"集合(Collections)","url":"java-to-kotlin-collections-guide.html","level":3,"parentId":"-ci7nzv_179","tabIndex":1},"java-to-kotlin-nullability-guide":{"id":"java-to-kotlin-nullability-guide","title":"可空性(Nullability)","url":"java-to-kotlin-nullability-guide.html","level":3,"parentId":"-ci7nzv_179","tabIndex":2},"standard-input":{"id":"standard-input","title":"标准输入(Standard input)","url":"standard-input.html","level":3,"parentId":"-ci7nzv_179","tabIndex":3},"-ci7nzv_167":{"id":"-ci7nzv_167","title":"原生开发","level":1,"parentId":"-ci7nzv_13","pages":["native-get-started","native-definition-file","-ci7nzv_195","-ci7nzv_196","native-libraries","native-platform-libs","-ci7nzv_199","native-debugging","native-ios-symbolication","-ci7nzv_202"],"tabIndex":1},"native-get-started":{"id":"native-get-started","title":"Get started with Kotlin/Native","url":"native-get-started.html","level":2,"parentId":"-ci7nzv_167","tabIndex":0},"native-definition-file":{"id":"native-definition-file","title":"Definition file","url":"native-definition-file.html","level":2,"parentId":"-ci7nzv_167","tabIndex":1},"-ci7nzv_195":{"id":"-ci7nzv_195","title":"C 互操作","level":2,"parentId":"-ci7nzv_167","pages":["native-c-interop","mapping-primitive-data-types-from-c","mapping-struct-union-types-from-c","mapping-function-pointers-from-c","mapping-strings-from-c","native-dynamic-libraries","native-app-with-c-and-libcurl"],"tabIndex":2},"native-c-interop":{"id":"native-c-interop","title":"Interoperability with C","url":"native-c-interop.html","level":3,"parentId":"-ci7nzv_195","tabIndex":0},"mapping-primitive-data-types-from-c":{"id":"mapping-primitive-data-types-from-c","title":"Mapping primitive data types from C – tutorial","url":"mapping-primitive-data-types-from-c.html","level":3,"parentId":"-ci7nzv_195","tabIndex":1},"mapping-struct-union-types-from-c":{"id":"mapping-struct-union-types-from-c","title":"Mapping struct and union types from C – tutorial","url":"mapping-struct-union-types-from-c.html","level":3,"parentId":"-ci7nzv_195","tabIndex":2},"mapping-function-pointers-from-c":{"id":"mapping-function-pointers-from-c","title":"Mapping function pointers from C – tutorial","url":"mapping-function-pointers-from-c.html","level":3,"parentId":"-ci7nzv_195","tabIndex":3},"mapping-strings-from-c":{"id":"mapping-strings-from-c","title":"Mapping strings from C – tutorial","url":"mapping-strings-from-c.html","level":3,"parentId":"-ci7nzv_195","tabIndex":4},"native-dynamic-libraries":{"id":"native-dynamic-libraries","title":"Kotlin/Native as a dynamic library – tutorial","url":"native-dynamic-libraries.html","level":3,"parentId":"-ci7nzv_195","tabIndex":5},"native-app-with-c-and-libcurl":{"id":"native-app-with-c-and-libcurl","title":"Create an app using C interop and libcurl – tutorial","url":"native-app-with-c-and-libcurl.html","level":3,"parentId":"-ci7nzv_195","tabIndex":6},"-ci7nzv_196":{"id":"-ci7nzv_196","title":"Objective-C 互操作","level":2,"parentId":"-ci7nzv_167","pages":["native-objc-interop","apple-framework"],"tabIndex":3},"native-objc-interop":{"id":"native-objc-interop","title":"Interoperability with Swift/Objective-C","url":"native-objc-interop.html","level":3,"parentId":"-ci7nzv_196","tabIndex":0},"apple-framework":{"id":"apple-framework","title":"Kotlin/Native as an Apple framework – tutorial","url":"apple-framework.html","level":3,"parentId":"-ci7nzv_196","tabIndex":1},"native-libraries":{"id":"native-libraries","title":"Kotlin/Native libraries","url":"native-libraries.html","level":2,"parentId":"-ci7nzv_167","tabIndex":4},"native-platform-libs":{"id":"native-platform-libs","title":"Platform libraries","url":"native-platform-libs.html","level":2,"parentId":"-ci7nzv_167","tabIndex":5},"-ci7nzv_199":{"id":"-ci7nzv_199","title":"Memory manager","level":2,"parentId":"-ci7nzv_167","pages":["native-memory-manager","native-arc-integration","native-migration-guide"],"tabIndex":6},"native-memory-manager":{"id":"native-memory-manager","title":"Kotlin/Native memory management","url":"native-memory-manager.html","level":3,"parentId":"-ci7nzv_199","tabIndex":0},"native-arc-integration":{"id":"native-arc-integration","title":"Integration with ARC","url":"native-arc-integration.html","level":3,"parentId":"-ci7nzv_199","tabIndex":1},"native-migration-guide":{"id":"native-migration-guide","title":"Migration guide","url":"native-migration-guide.html","level":3,"parentId":"-ci7nzv_199","tabIndex":2},"native-debugging":{"id":"native-debugging","title":"Debugging Kotlin/Native","url":"native-debugging.html","level":2,"parentId":"-ci7nzv_167","tabIndex":7},"native-ios-symbolication":{"id":"native-ios-symbolication","title":"Symbolicating iOS crash reports","url":"native-ios-symbolication.html","level":2,"parentId":"-ci7nzv_167","tabIndex":8},"-ci7nzv_202":{"id":"-ci7nzv_202","title":"Reference and tips","level":2,"parentId":"-ci7nzv_167","pages":["native-target-support","apple-privacy-manifest","native-improving-compilation-time","native-binary-licenses","native-faq"],"tabIndex":9},"native-target-support":{"id":"native-target-support","title":"Target support","url":"native-target-support.html","level":3,"parentId":"-ci7nzv_202","tabIndex":0},"apple-privacy-manifest":{"id":"apple-privacy-manifest","title":"App Store privacy manifests","url":"apple-privacy-manifest.html","level":3,"parentId":"-ci7nzv_202","tabIndex":1},"native-improving-compilation-time":{"id":"native-improving-compilation-time","title":"Improving compilation time","url":"native-improving-compilation-time.html","level":3,"parentId":"-ci7nzv_202","tabIndex":2},"native-binary-licenses":{"id":"native-binary-licenses","title":"License files","url":"native-binary-licenses.html","level":3,"parentId":"-ci7nzv_202","tabIndex":3},"native-faq":{"id":"native-faq","title":"Kotlin/Native FAQ","url":"native-faq.html","level":3,"parentId":"-ci7nzv_202","tabIndex":4},"-ci7nzv_168":{"id":"-ci7nzv_168","title":"WebAssembly (Wasm)","level":1,"parentId":"-ci7nzv_13","pages":["wasm-get-started","wasm-wasi","wasm-debugging","wasm-js-interop","wasm-troubleshooting"],"tabIndex":2},"wasm-get-started":{"id":"wasm-get-started","title":"Kotlin/Wasm 和 Compose 跨平台入门","url":"wasm-get-started.html","level":2,"parentId":"-ci7nzv_168","tabIndex":0},"wasm-wasi":{"id":"wasm-wasi","title":"Get started with Kotlin/Wasm and WASI","url":"wasm-wasi.html","level":2,"parentId":"-ci7nzv_168","tabIndex":1},"wasm-debugging":{"id":"wasm-debugging","title":"Debug Kotlin/Wasm code","url":"wasm-debugging.html","level":2,"parentId":"-ci7nzv_168","tabIndex":2},"wasm-js-interop":{"id":"wasm-js-interop","title":"与 JavaScript 的互操作性","url":"wasm-js-interop.html","level":2,"parentId":"-ci7nzv_168","tabIndex":3},"wasm-troubleshooting":{"id":"wasm-troubleshooting","title":"Troubleshooting","url":"wasm-troubleshooting.html","level":2,"parentId":"-ci7nzv_168","tabIndex":4},"-ci7nzv_169":{"id":"-ci7nzv_169","title":"JavaScript","level":1,"parentId":"-ci7nzv_13","pages":["js-project-setup","running-kotlin-js","dev-server-continuous-compilation","js-debugging","js-running-tests","javascript-dce","js-ir-compiler","js-ir-migration","-ci7nzv_233"],"tabIndex":3},"js-project-setup":{"id":"js-project-setup","title":"Set up a Kotlin/JS project","url":"js-project-setup.html","level":2,"parentId":"-ci7nzv_169","tabIndex":0},"running-kotlin-js":{"id":"running-kotlin-js","title":"Run Kotlin/JS","url":"running-kotlin-js.html","level":2,"parentId":"-ci7nzv_169","tabIndex":1},"dev-server-continuous-compilation":{"id":"dev-server-continuous-compilation","title":"Development server and continuous compilation","url":"dev-server-continuous-compilation.html","level":2,"parentId":"-ci7nzv_169","tabIndex":2},"js-debugging":{"id":"js-debugging","title":"Debug Kotlin/JS code","url":"js-debugging.html","level":2,"parentId":"-ci7nzv_169","tabIndex":3},"js-running-tests":{"id":"js-running-tests","title":"Run tests in Kotlin/JS","url":"js-running-tests.html","level":2,"parentId":"-ci7nzv_169","tabIndex":4},"javascript-dce":{"id":"javascript-dce","title":"Kotlin/JS dead code elimination","url":"javascript-dce.html","level":2,"parentId":"-ci7nzv_169","tabIndex":5},"js-ir-compiler":{"id":"js-ir-compiler","title":"IR compiler","url":"js-ir-compiler.html","level":2,"parentId":"-ci7nzv_169","tabIndex":6},"js-ir-migration":{"id":"js-ir-migration","title":"Migrating Kotlin/JS projects to the IR compiler","url":"js-ir-migration.html","level":2,"parentId":"-ci7nzv_169","tabIndex":7},"-ci7nzv_233":{"id":"-ci7nzv_233","title":"Kotlin for the JS platform","level":2,"parentId":"-ci7nzv_169","pages":["browser-api-dom","js-interop","dynamic-type","using-packages-from-npm","js-to-kotlin-interop","js-modules","js-reflection","typesafe-html-dsl"],"tabIndex":8},"browser-api-dom":{"id":"browser-api-dom","title":"Browser and DOM API","url":"browser-api-dom.html","level":3,"parentId":"-ci7nzv_233","tabIndex":0},"js-interop":{"id":"js-interop","title":"Use JavaScript code from Kotlin","url":"js-interop.html","level":3,"parentId":"-ci7nzv_233","tabIndex":1},"dynamic-type":{"id":"dynamic-type","title":"Dynamic type","url":"dynamic-type.html","level":3,"parentId":"-ci7nzv_233","tabIndex":2},"using-packages-from-npm":{"id":"using-packages-from-npm","title":"Use dependencies from npm","url":"using-packages-from-npm.html","level":3,"parentId":"-ci7nzv_233","tabIndex":3},"js-to-kotlin-interop":{"id":"js-to-kotlin-interop","title":"Use Kotlin code from JavaScript","url":"js-to-kotlin-interop.html","level":3,"parentId":"-ci7nzv_233","tabIndex":4},"js-modules":{"id":"js-modules","title":"JavaScript modules","url":"js-modules.html","level":3,"parentId":"-ci7nzv_233","tabIndex":5},"js-reflection":{"id":"js-reflection","title":"Kotlin/JS reflection","url":"js-reflection.html","level":3,"parentId":"-ci7nzv_233","tabIndex":6},"typesafe-html-dsl":{"id":"typesafe-html-dsl","title":"Typesafe HTML DSL","url":"typesafe-html-dsl.html","level":3,"parentId":"-ci7nzv_233","tabIndex":7},"-ci7nzv_170":{"id":"-ci7nzv_170","title":"Scripting","level":1,"parentId":"-ci7nzv_13","pages":["custom-script-deps-tutorial"],"tabIndex":4},"custom-script-deps-tutorial":{"id":"custom-script-deps-tutorial","title":"Get started with Kotlin custom scripting – tutorial","url":"custom-script-deps-tutorial.html","level":2,"parentId":"-ci7nzv_170","tabIndex":0},"-ci7nzv_14":{"id":"-ci7nzv_14","title":"标准库","level":0,"pages":["-ci7nzv_244","read-standard-input","opt-in-requirements","scope-functions","time-measurement"],"tabIndex":12},"-ci7nzv_244":{"id":"-ci7nzv_244","title":"集合(Collections)","level":1,"parentId":"-ci7nzv_14","pages":["collections-overview","constructing-collections","iterators","ranges","sequences","collection-operations","collection-transformations","collection-filtering","collection-plus-minus","collection-grouping","collection-parts","collection-elements","collection-ordering","collection-aggregate","collection-write","list-operations","set-operations","map-operations"],"tabIndex":0},"collections-overview":{"id":"collections-overview","title":"概述","url":"collections-overview.html","level":2,"parentId":"-ci7nzv_244","tabIndex":0},"constructing-collections":{"id":"constructing-collections","title":"Constructing collections","url":"constructing-collections.html","level":2,"parentId":"-ci7nzv_244","tabIndex":1},"iterators":{"id":"iterators","title":"Iterators","url":"iterators.html","level":2,"parentId":"-ci7nzv_244","tabIndex":2},"ranges":{"id":"ranges","title":"Ranges and progressions","url":"ranges.html","level":2,"parentId":"-ci7nzv_244","tabIndex":3},"sequences":{"id":"sequences","title":"Sequences","url":"sequences.html","level":2,"parentId":"-ci7nzv_244","tabIndex":4},"collection-operations":{"id":"collection-operations","title":"Operations overview","url":"collection-operations.html","level":2,"parentId":"-ci7nzv_244","tabIndex":5},"collection-transformations":{"id":"collection-transformations","title":"Transformations","url":"collection-transformations.html","level":2,"parentId":"-ci7nzv_244","tabIndex":6},"collection-filtering":{"id":"collection-filtering","title":"Filter","url":"collection-filtering.html","level":2,"parentId":"-ci7nzv_244","tabIndex":7},"collection-plus-minus":{"id":"collection-plus-minus","title":"Plus and minus operators","url":"collection-plus-minus.html","level":2,"parentId":"-ci7nzv_244","tabIndex":8},"collection-grouping":{"id":"collection-grouping","title":"Group elements","url":"collection-grouping.html","level":2,"parentId":"-ci7nzv_244","tabIndex":9},"collection-parts":{"id":"collection-parts","title":"Retrieve collection parts","url":"collection-parts.html","level":2,"parentId":"-ci7nzv_244","tabIndex":10},"collection-elements":{"id":"collection-elements","title":"Retrieve single elements","url":"collection-elements.html","level":2,"parentId":"-ci7nzv_244","tabIndex":11},"collection-ordering":{"id":"collection-ordering","title":"Ordering","url":"collection-ordering.html","level":2,"parentId":"-ci7nzv_244","tabIndex":12},"collection-aggregate":{"id":"collection-aggregate","title":"Aggregate operations","url":"collection-aggregate.html","level":2,"parentId":"-ci7nzv_244","tabIndex":13},"collection-write":{"id":"collection-write","title":"Write operations","url":"collection-write.html","level":2,"parentId":"-ci7nzv_244","tabIndex":14},"list-operations":{"id":"list-operations","title":"List-specific operations","url":"list-operations.html","level":2,"parentId":"-ci7nzv_244","tabIndex":15},"set-operations":{"id":"set-operations","title":"Set-specific operations","url":"set-operations.html","level":2,"parentId":"-ci7nzv_244","tabIndex":16},"map-operations":{"id":"map-operations","title":"Map-specific operations","url":"map-operations.html","level":2,"parentId":"-ci7nzv_244","tabIndex":17},"read-standard-input":{"id":"read-standard-input","title":"Read standard input","url":"read-standard-input.html","level":1,"parentId":"-ci7nzv_14","tabIndex":1},"opt-in-requirements":{"id":"opt-in-requirements","title":"Opt-in requirements","url":"opt-in-requirements.html","level":1,"parentId":"-ci7nzv_14","tabIndex":2},"scope-functions":{"id":"scope-functions","title":"Scope functions","url":"scope-functions.html","level":1,"parentId":"-ci7nzv_14","tabIndex":3},"time-measurement":{"id":"time-measurement","title":"Time measurement","url":"time-measurement.html","level":1,"parentId":"-ci7nzv_14","tabIndex":4},"-ci7nzv_15":{"id":"-ci7nzv_15","title":"官方库","level":0,"pages":["-ci7nzv_267","serialization","metadata-jvm","-ci7nzv_270","-ci7nzv_271"],"tabIndex":13},"-ci7nzv_267":{"id":"-ci7nzv_267","title":"协程 (kotlinx.coroutines)","level":1,"parentId":"-ci7nzv_15","pages":["coroutines-guide","coroutines-basics","coroutines-and-channels","cancellation-and-timeouts","composing-suspending-functions","coroutine-context-and-dispatchers","flow","channels","exception-handling","shared-mutable-state-and-concurrency","select-expression","debug-coroutines-with-idea","debug-flow-with-idea"],"tabIndex":0},"coroutines-guide":{"id":"coroutines-guide","title":"Coroutines guide","url":"coroutines-guide.html","level":2,"parentId":"-ci7nzv_267","tabIndex":0},"coroutines-basics":{"id":"coroutines-basics","title":"Coroutines basics","url":"coroutines-basics.html","level":2,"parentId":"-ci7nzv_267","tabIndex":1},"coroutines-and-channels":{"id":"coroutines-and-channels","title":"Coroutines and channels − tutorial","url":"coroutines-and-channels.html","level":2,"parentId":"-ci7nzv_267","tabIndex":2},"cancellation-and-timeouts":{"id":"cancellation-and-timeouts","title":"Cancellation and timeouts","url":"cancellation-and-timeouts.html","level":2,"parentId":"-ci7nzv_267","tabIndex":3},"composing-suspending-functions":{"id":"composing-suspending-functions","title":"Composing suspending functions","url":"composing-suspending-functions.html","level":2,"parentId":"-ci7nzv_267","tabIndex":4},"coroutine-context-and-dispatchers":{"id":"coroutine-context-and-dispatchers","title":"Coroutine context and dispatchers","url":"coroutine-context-and-dispatchers.html","level":2,"parentId":"-ci7nzv_267","tabIndex":5},"flow":{"id":"flow","title":"Asynchronous Flow","url":"flow.html","level":2,"parentId":"-ci7nzv_267","tabIndex":6},"channels":{"id":"channels","title":"Channels","url":"channels.html","level":2,"parentId":"-ci7nzv_267","tabIndex":7},"exception-handling":{"id":"exception-handling","title":"Coroutine exceptions handling","url":"exception-handling.html","level":2,"parentId":"-ci7nzv_267","tabIndex":8},"shared-mutable-state-and-concurrency":{"id":"shared-mutable-state-and-concurrency","title":"Shared mutable state and concurrency","url":"shared-mutable-state-and-concurrency.html","level":2,"parentId":"-ci7nzv_267","tabIndex":9},"select-expression":{"id":"select-expression","title":"Select expression (experimental)","url":"select-expression.html","level":2,"parentId":"-ci7nzv_267","tabIndex":10},"debug-coroutines-with-idea":{"id":"debug-coroutines-with-idea","title":"Debug coroutines using IntelliJ IDEA – tutorial","url":"debug-coroutines-with-idea.html","level":2,"parentId":"-ci7nzv_267","tabIndex":11},"debug-flow-with-idea":{"id":"debug-flow-with-idea","title":"Debug Kotlin Flow using IntelliJ IDEA – tutorial","url":"debug-flow-with-idea.html","level":2,"parentId":"-ci7nzv_267","tabIndex":12},"serialization":{"id":"serialization","title":"序列化 (kotlinx.serialization)","url":"serialization.html","level":1,"parentId":"-ci7nzv_15","tabIndex":1},"metadata-jvm":{"id":"metadata-jvm","title":"Kotlin Metadata JVM (kotlin-metadata-jvm)","url":"metadata-jvm.html","level":1,"parentId":"-ci7nzv_15","tabIndex":2},"-ci7nzv_270":{"id":"-ci7nzv_270","title":"Lincheck (kotlinx.lincheck)","level":1,"parentId":"-ci7nzv_15","pages":["lincheck-guide","introduction","testing-strategies","operation-arguments","constraints","progress-guarantees","sequential-specification"],"tabIndex":3},"lincheck-guide":{"id":"lincheck-guide","title":"Lincheck guide","url":"lincheck-guide.html","level":2,"parentId":"-ci7nzv_270","tabIndex":0},"introduction":{"id":"introduction","title":"Write your first test with Lincheck","url":"introduction.html","level":2,"parentId":"-ci7nzv_270","tabIndex":1},"testing-strategies":{"id":"testing-strategies","title":"Testing strategies","url":"testing-strategies.html","level":2,"parentId":"-ci7nzv_270","tabIndex":2},"operation-arguments":{"id":"operation-arguments","title":"Operation arguments","url":"operation-arguments.html","level":2,"parentId":"-ci7nzv_270","tabIndex":3},"constraints":{"id":"constraints","title":"Data structure constraints","url":"constraints.html","level":2,"parentId":"-ci7nzv_270","tabIndex":4},"progress-guarantees":{"id":"progress-guarantees","title":"Progress guarantees","url":"progress-guarantees.html","level":2,"parentId":"-ci7nzv_270","tabIndex":5},"sequential-specification":{"id":"sequential-specification","title":"Sequential specification","url":"sequential-specification.html","level":2,"parentId":"-ci7nzv_270","tabIndex":6},"-ci7nzv_271":{"id":"-ci7nzv_271","title":"Ktor","url":"https://ktor.io/","level":1,"parentId":"-ci7nzv_15","tabIndex":4},"-ci7nzv_16":{"id":"-ci7nzv_16","title":"API 参考","level":0,"pages":["-ci7nzv_296","-ci7nzv_297","-ci7nzv_298","-ci7nzv_299","-ci7nzv_300","-ci7nzv_301","-ci7nzv_302","-ci7nzv_303","-ci7nzv_304"],"tabIndex":14},"-ci7nzv_296":{"id":"-ci7nzv_296","title":"Standard library (stdlib)","url":"https://kotlinlang.org/api/latest/jvm/stdlib/","level":1,"parentId":"-ci7nzv_16","tabIndex":0},"-ci7nzv_297":{"id":"-ci7nzv_297","title":"Test library (kotlin.test)","url":"https://kotlinlang.org/api/latest/kotlin.test/","level":1,"parentId":"-ci7nzv_16","tabIndex":1},"-ci7nzv_298":{"id":"-ci7nzv_298","title":"Coroutines (kotlinx.coroutines)","url":"https://kotlinlang.org/api/kotlinx.coroutines/kotlinx-coroutines-core/","level":1,"parentId":"-ci7nzv_16","tabIndex":2},"-ci7nzv_299":{"id":"-ci7nzv_299","title":"Serialization (kotlinx.serialization)","url":"https://kotlinlang.org/api/kotlinx.serialization/kotlinx-serialization-core/","level":1,"parentId":"-ci7nzv_16","tabIndex":3},"-ci7nzv_300":{"id":"-ci7nzv_300","title":"Kotlin I/O library (kotlinx-io)","url":"https://kotlinlang.org/api/kotlinx-io/","level":1,"parentId":"-ci7nzv_16","tabIndex":4},"-ci7nzv_301":{"id":"-ci7nzv_301","title":"Date and time (kotlinx-datetime)","url":"https://kotlinlang.org/api/kotlinx-datetime/","level":1,"parentId":"-ci7nzv_16","tabIndex":5},"-ci7nzv_302":{"id":"-ci7nzv_302","title":"JVM Metadata (kotlin-metadata-jvm)","url":"https://kotlinlang.org/api/kotlinx-metadata-jvm/","level":1,"parentId":"-ci7nzv_16","tabIndex":6},"-ci7nzv_303":{"id":"-ci7nzv_303","title":"Ktor","url":"https://api.ktor.io/","level":1,"parentId":"-ci7nzv_16","tabIndex":7},"-ci7nzv_304":{"id":"-ci7nzv_304","title":"Kotlin Gradle plugins (kotlin-gradle-plugin)","url":"https://kotlinlang.org/api/kotlin-gradle-plugin/","level":1,"parentId":"-ci7nzv_16","tabIndex":8},"-ci7nzv_17":{"id":"-ci7nzv_17","title":"语言参考","level":0,"pages":["keyword-reference","-ci7nzv_306","-ci7nzv_307"],"tabIndex":15},"keyword-reference":{"id":"keyword-reference","title":"Keywords and operators","url":"keyword-reference.html","level":1,"parentId":"-ci7nzv_17","tabIndex":0},"-ci7nzv_306":{"id":"-ci7nzv_306","title":"Grammar","url":"https://kotlinlang.org/docs/reference/grammar.html","level":1,"parentId":"-ci7nzv_17","tabIndex":1},"-ci7nzv_307":{"id":"-ci7nzv_307","title":"Language specification","url":"https://kotlinlang.org/spec/","level":1,"parentId":"-ci7nzv_17","tabIndex":2},"-ci7nzv_18":{"id":"-ci7nzv_18","title":"工具","level":0,"pages":["-ci7nzv_308","-ci7nzv_309","kotlin-ide","code-style-migration-guide","kotlin-notebook-overview","lets-plot","run-code-snippets","kotlin-and-ci","kotlin-doc","kotlin-osgi"],"tabIndex":16},"-ci7nzv_308":{"id":"-ci7nzv_308","title":"构建工具","level":1,"parentId":"-ci7nzv_18","pages":["-ci7nzv_318","maven","ant"],"tabIndex":0},"-ci7nzv_318":{"id":"-ci7nzv_318","title":"Gradle","level":2,"parentId":"-ci7nzv_308","pages":["gradle","get-started-with-jvm-gradle-project","gradle-configure-project","gradle-best-practices","gradle-compiler-options","gradle-compilation-and-caches","gradle-plugin-variants"],"tabIndex":0},"gradle":{"id":"gradle","title":"Overview","url":"gradle.html","level":3,"parentId":"-ci7nzv_318","tabIndex":0},"get-started-with-jvm-gradle-project":{"id":"get-started-with-jvm-gradle-project","title":"Get started with Gradle – tutorial","url":"get-started-with-jvm-gradle-project.html","level":3,"parentId":"-ci7nzv_318","tabIndex":1},"gradle-configure-project":{"id":"gradle-configure-project","title":"Configure a Gradle project","url":"gradle-configure-project.html","level":3,"parentId":"-ci7nzv_318","tabIndex":2},"gradle-best-practices":{"id":"gradle-best-practices","title":"Gradle best practices","url":"gradle-best-practices.html","level":3,"parentId":"-ci7nzv_318","tabIndex":3},"gradle-compiler-options":{"id":"gradle-compiler-options","title":"Compiler options in KGP","url":"gradle-compiler-options.html","level":3,"parentId":"-ci7nzv_318","tabIndex":4},"gradle-compilation-and-caches":{"id":"gradle-compilation-and-caches","title":"Compilation and caches in KGP","url":"gradle-compilation-and-caches.html","level":3,"parentId":"-ci7nzv_318","tabIndex":5},"gradle-plugin-variants":{"id":"gradle-plugin-variants","title":"Support for Gradle plugin variants","url":"gradle-plugin-variants.html","level":3,"parentId":"-ci7nzv_318","tabIndex":6},"maven":{"id":"maven","title":"Maven","url":"maven.html","level":2,"parentId":"-ci7nzv_308","tabIndex":1},"ant":{"id":"ant","title":"Ant","url":"ant.html","level":2,"parentId":"-ci7nzv_308","tabIndex":2},"-ci7nzv_309":{"id":"-ci7nzv_309","title":"Dokka","level":1,"parentId":"-ci7nzv_18","pages":["dokka-introduction","dokka-get-started","-ci7nzv_332","-ci7nzv_333","dokka-plugins","dokka-module-and-package-docs"],"tabIndex":1},"dokka-introduction":{"id":"dokka-introduction","title":"Introduction","url":"dokka-introduction.html","level":2,"parentId":"-ci7nzv_309","tabIndex":0},"dokka-get-started":{"id":"dokka-get-started","title":"Get started with Dokka","url":"dokka-get-started.html","level":2,"parentId":"-ci7nzv_309","tabIndex":1},"-ci7nzv_332":{"id":"-ci7nzv_332","title":"Run Dokka","level":2,"parentId":"-ci7nzv_309","pages":["dokka-gradle","dokka-migration","dokka-maven","dokka-cli"],"tabIndex":2},"dokka-gradle":{"id":"dokka-gradle","title":"Gradle","url":"dokka-gradle.html","level":3,"parentId":"-ci7nzv_332","tabIndex":0},"dokka-migration":{"id":"dokka-migration","title":"Migrate to Dokka Gradle plugin v2","url":"dokka-migration.html","level":3,"parentId":"-ci7nzv_332","tabIndex":1},"dokka-maven":{"id":"dokka-maven","title":"Maven","url":"dokka-maven.html","level":3,"parentId":"-ci7nzv_332","tabIndex":2},"dokka-cli":{"id":"dokka-cli","title":"CLI","url":"dokka-cli.html","level":3,"parentId":"-ci7nzv_332","tabIndex":3},"-ci7nzv_333":{"id":"-ci7nzv_333","title":"Output formats","level":2,"parentId":"-ci7nzv_309","pages":["dokka-html","dokka-markdown","dokka-javadoc"],"tabIndex":3},"dokka-html":{"id":"dokka-html","title":"HTML","url":"dokka-html.html","level":3,"parentId":"-ci7nzv_333","tabIndex":0},"dokka-markdown":{"id":"dokka-markdown","title":"Markdown","url":"dokka-markdown.html","level":3,"parentId":"-ci7nzv_333","tabIndex":1},"dokka-javadoc":{"id":"dokka-javadoc","title":"Javadoc","url":"dokka-javadoc.html","level":3,"parentId":"-ci7nzv_333","tabIndex":2},"dokka-plugins":{"id":"dokka-plugins","title":"Dokka plugins","url":"dokka-plugins.html","level":2,"parentId":"-ci7nzv_309","tabIndex":4},"dokka-module-and-package-docs":{"id":"dokka-module-and-package-docs","title":"Module documentation","url":"dokka-module-and-package-docs.html","level":2,"parentId":"-ci7nzv_309","tabIndex":5},"kotlin-ide":{"id":"kotlin-ide","title":"IDE for Kotlin development","url":"kotlin-ide.html","level":1,"parentId":"-ci7nzv_18","tabIndex":2},"code-style-migration-guide":{"id":"code-style-migration-guide","title":"Migrate to Kotlin code style with IntelliJ IDEA","url":"code-style-migration-guide.html","level":1,"parentId":"-ci7nzv_18","tabIndex":3},"kotlin-notebook-overview":{"id":"kotlin-notebook-overview","title":"Kotlin Notebook","url":"kotlin-notebook-overview.html","level":1,"parentId":"-ci7nzv_18","tabIndex":4},"lets-plot":{"id":"lets-plot","title":"Lets-Plot for Kotlin","url":"lets-plot.html","level":1,"parentId":"-ci7nzv_18","tabIndex":5},"run-code-snippets":{"id":"run-code-snippets","title":"Run code snippets","url":"run-code-snippets.html","level":1,"parentId":"-ci7nzv_18","tabIndex":6},"kotlin-and-ci":{"id":"kotlin-and-ci","title":"TeamCity","url":"kotlin-and-ci.html","level":1,"parentId":"-ci7nzv_18","tabIndex":7},"kotlin-doc":{"id":"kotlin-doc","title":"KDoc","url":"kotlin-doc.html","level":1,"parentId":"-ci7nzv_18","tabIndex":8},"kotlin-osgi":{"id":"kotlin-osgi","title":"OSGi","url":"kotlin-osgi.html","level":1,"parentId":"-ci7nzv_18","tabIndex":9},"-ci7nzv_19":{"id":"-ci7nzv_19","title":"编译器和插件","level":0,"pages":["-ci7nzv_343","-ci7nzv_344","-ci7nzv_345","-ci7nzv_346"],"tabIndex":17},"-ci7nzv_343":{"id":"-ci7nzv_343","title":"Kotlin 编译器","level":1,"parentId":"-ci7nzv_19","pages":["k2-compiler-migration-guide","command-line","compiler-reference"],"tabIndex":0},"k2-compiler-migration-guide":{"id":"k2-compiler-migration-guide","title":"K2 compiler migration guide","url":"k2-compiler-migration-guide.html","level":2,"parentId":"-ci7nzv_343","tabIndex":0},"command-line":{"id":"command-line","title":"Command-line compiler","url":"command-line.html","level":2,"parentId":"-ci7nzv_343","tabIndex":1},"compiler-reference":{"id":"compiler-reference","title":"Compiler options","url":"compiler-reference.html","level":2,"parentId":"-ci7nzv_343","tabIndex":2},"-ci7nzv_344":{"id":"-ci7nzv_344","title":"Kotlin 编译器插件","level":1,"parentId":"-ci7nzv_19","pages":["all-open-plugin","no-arg-plugin","sam-with-receiver-plugin","kapt","lombok","power-assert"],"tabIndex":1},"all-open-plugin":{"id":"all-open-plugin","title":"All-open","url":"all-open-plugin.html","level":2,"parentId":"-ci7nzv_344","tabIndex":0},"no-arg-plugin":{"id":"no-arg-plugin","title":"No-arg","url":"no-arg-plugin.html","level":2,"parentId":"-ci7nzv_344","tabIndex":1},"sam-with-receiver-plugin":{"id":"sam-with-receiver-plugin","title":"SAM with receiver","url":"sam-with-receiver-plugin.html","level":2,"parentId":"-ci7nzv_344","tabIndex":2},"kapt":{"id":"kapt","title":"kapt","url":"kapt.html","level":2,"parentId":"-ci7nzv_344","tabIndex":3},"lombok":{"id":"lombok","title":"Lombok","url":"lombok.html","level":2,"parentId":"-ci7nzv_344","tabIndex":4},"power-assert":{"id":"power-assert","title":"Power-assert","url":"power-assert.html","level":2,"parentId":"-ci7nzv_344","tabIndex":5},"-ci7nzv_345":{"id":"-ci7nzv_345","title":"Compose compiler","level":1,"parentId":"-ci7nzv_19","pages":["compose-compiler-migration-guide","compose-compiler-options"],"tabIndex":2},"compose-compiler-migration-guide":{"id":"compose-compiler-migration-guide","title":"Compiler migration guide","url":"compose-compiler-migration-guide.html","level":2,"parentId":"-ci7nzv_345","tabIndex":0},"compose-compiler-options":{"id":"compose-compiler-options","title":"Compiler options","url":"compose-compiler-options.html","level":2,"parentId":"-ci7nzv_345","tabIndex":1},"-ci7nzv_346":{"id":"-ci7nzv_346","title":"Kotlin Symbol Processing API","level":1,"parentId":"-ci7nzv_19","pages":["ksp-overview","ksp-quickstart","ksp-why-ksp","ksp-examples","ksp-additional-details","ksp-reference","ksp-incremental","ksp-multi-round","ksp-multiplatform","ksp-command-line","ksp-faq"],"tabIndex":3},"ksp-overview":{"id":"ksp-overview","title":"KSP overview","url":"ksp-overview.html","level":2,"parentId":"-ci7nzv_346","tabIndex":0},"ksp-quickstart":{"id":"ksp-quickstart","title":"Quickstart","url":"ksp-quickstart.html","level":2,"parentId":"-ci7nzv_346","tabIndex":1},"ksp-why-ksp":{"id":"ksp-why-ksp","title":"Why KSP","url":"ksp-why-ksp.html","level":2,"parentId":"-ci7nzv_346","tabIndex":2},"ksp-examples":{"id":"ksp-examples","title":"Examples","url":"ksp-examples.html","level":2,"parentId":"-ci7nzv_346","tabIndex":3},"ksp-additional-details":{"id":"ksp-additional-details","title":"How KSP models Kotlin code","url":"ksp-additional-details.html","level":2,"parentId":"-ci7nzv_346","tabIndex":4},"ksp-reference":{"id":"ksp-reference","title":"Reference for Java annotation processor authors","url":"ksp-reference.html","level":2,"parentId":"-ci7nzv_346","tabIndex":5},"ksp-incremental":{"id":"ksp-incremental","title":"Incremental processing","url":"ksp-incremental.html","level":2,"parentId":"-ci7nzv_346","tabIndex":6},"ksp-multi-round":{"id":"ksp-multi-round","title":"Multiple round processing","url":"ksp-multi-round.html","level":2,"parentId":"-ci7nzv_346","tabIndex":7},"ksp-multiplatform":{"id":"ksp-multiplatform","title":"KSP with Kotlin Multiplatform","url":"ksp-multiplatform.html","level":2,"parentId":"-ci7nzv_346","tabIndex":8},"ksp-command-line":{"id":"ksp-command-line","title":"Running KSP from command line","url":"ksp-command-line.html","level":2,"parentId":"-ci7nzv_346","tabIndex":9},"ksp-faq":{"id":"ksp-faq","title":"FAQ","url":"ksp-faq.html","level":2,"parentId":"-ci7nzv_346","tabIndex":10},"-ci7nzv_20":{"id":"-ci7nzv_20","title":"学习资料","level":0,"pages":["learning-materials-overview","-ci7nzv_370","koans","-ci7nzv_372","kotlin-hands-on","kotlin-tips","books","advent-of-code","-ci7nzv_377","-ci7nzv_378"],"tabIndex":18},"learning-materials-overview":{"id":"learning-materials-overview","title":"概述","url":"learning-materials-overview.html","level":1,"parentId":"-ci7nzv_20","tabIndex":0},"-ci7nzv_370":{"id":"-ci7nzv_370","title":"Kotlin by example","url":"https://play.kotlinlang.org/byExample/overview","level":1,"parentId":"-ci7nzv_20","tabIndex":1},"koans":{"id":"koans","title":"Kotlin Koans","url":"koans.html","level":1,"parentId":"-ci7nzv_20","tabIndex":2},"-ci7nzv_372":{"id":"-ci7nzv_372","title":"Kotlin Core track","url":"https://hyperskill.org/tracks?category\u003d4\u0026utm_source\u003djbkotlin_hs\u0026utm_medium\u003dreferral\u0026utm_campaign\u003dkotlinlang-docs\u0026utm_content\u003dbutton_1\u0026utm_term\u003d22.03.23","level":1,"parentId":"-ci7nzv_20","tabIndex":3},"kotlin-hands-on":{"id":"kotlin-hands-on","title":"Kotlin 实践","url":"kotlin-hands-on.html","level":1,"parentId":"-ci7nzv_20","tabIndex":4},"kotlin-tips":{"id":"kotlin-tips","title":"Kotlin tips","url":"kotlin-tips.html","level":1,"parentId":"-ci7nzv_20","tabIndex":5},"books":{"id":"books","title":"Kotlin books","url":"books.html","level":1,"parentId":"-ci7nzv_20","tabIndex":6},"advent-of-code":{"id":"advent-of-code","title":"Advent of Code puzzles","url":"advent-of-code.html","level":1,"parentId":"-ci7nzv_20","tabIndex":7},"-ci7nzv_377":{"id":"-ci7nzv_377","title":"Learn in IDE (JetBrains Academy)","level":1,"parentId":"-ci7nzv_20","pages":["edu-tools-learner","edu-tools-educator"],"tabIndex":8},"edu-tools-learner":{"id":"edu-tools-learner","title":"Learn Kotlin","url":"edu-tools-learner.html","level":2,"parentId":"-ci7nzv_377","tabIndex":0},"edu-tools-educator":{"id":"edu-tools-educator","title":"Teach Kotlin","url":"edu-tools-educator.html","level":2,"parentId":"-ci7nzv_377","tabIndex":1},"-ci7nzv_378":{"id":"-ci7nzv_378","title":"Library authors\u0027 guidelines","level":1,"parentId":"-ci7nzv_20","pages":["api-guidelines-introduction","-ci7nzv_384","api-guidelines-backward-compatibility","api-guidelines-informative-documentation","api-guidelines-build-for-multiplatform"],"tabIndex":9},"api-guidelines-introduction":{"id":"api-guidelines-introduction","title":"Introduction","url":"api-guidelines-introduction.html","level":2,"parentId":"-ci7nzv_378","tabIndex":0},"-ci7nzv_384":{"id":"-ci7nzv_384","title":"Minimizing mental complexity","level":2,"parentId":"-ci7nzv_378","pages":["api-guidelines-minimizing-mental-complexity","api-guidelines-simplicity","api-guidelines-readability","api-guidelines-consistency","api-guidelines-predictability","api-guidelines-debuggability","api-guidelines-testability"],"tabIndex":1},"api-guidelines-minimizing-mental-complexity":{"id":"api-guidelines-minimizing-mental-complexity","title":"Overview","url":"api-guidelines-minimizing-mental-complexity.html","level":3,"parentId":"-ci7nzv_384","tabIndex":0},"api-guidelines-simplicity":{"id":"api-guidelines-simplicity","title":"Simplicity","url":"api-guidelines-simplicity.html","level":3,"parentId":"-ci7nzv_384","tabIndex":1},"api-guidelines-readability":{"id":"api-guidelines-readability","title":"Readability","url":"api-guidelines-readability.html","level":3,"parentId":"-ci7nzv_384","tabIndex":2},"api-guidelines-consistency":{"id":"api-guidelines-consistency","title":"Consistency","url":"api-guidelines-consistency.html","level":3,"parentId":"-ci7nzv_384","tabIndex":3},"api-guidelines-predictability":{"id":"api-guidelines-predictability","title":"Predictability","url":"api-guidelines-predictability.html","level":3,"parentId":"-ci7nzv_384","tabIndex":4},"api-guidelines-debuggability":{"id":"api-guidelines-debuggability","title":"Debuggability","url":"api-guidelines-debuggability.html","level":3,"parentId":"-ci7nzv_384","tabIndex":5},"api-guidelines-testability":{"id":"api-guidelines-testability","title":"Testability","url":"api-guidelines-testability.html","level":3,"parentId":"-ci7nzv_384","tabIndex":6},"api-guidelines-backward-compatibility":{"id":"api-guidelines-backward-compatibility","title":"Backward compatibility","url":"api-guidelines-backward-compatibility.html","level":2,"parentId":"-ci7nzv_378","tabIndex":2},"api-guidelines-informative-documentation":{"id":"api-guidelines-informative-documentation","title":"Informative documentation","url":"api-guidelines-informative-documentation.html","level":2,"parentId":"-ci7nzv_378","tabIndex":3},"api-guidelines-build-for-multiplatform":{"id":"api-guidelines-build-for-multiplatform","title":"Building for multiplatform","url":"api-guidelines-build-for-multiplatform.html","level":2,"parentId":"-ci7nzv_378","tabIndex":4},"-ci7nzv_21":{"id":"-ci7nzv_21","title":"早期访问预览 (EAP)","level":0,"pages":["eap","configure-build-for-eap"],"tabIndex":19},"eap":{"id":"eap","title":"Participate","url":"eap.html","level":1,"parentId":"-ci7nzv_21","tabIndex":0},"configure-build-for-eap":{"id":"configure-build-for-eap","title":"Configure your build for EAP","url":"configure-build-for-eap.html","level":1,"parentId":"-ci7nzv_21","tabIndex":1},"-ci7nzv_22":{"id":"-ci7nzv_22","title":"其他资源","level":0,"pages":["faq","-ci7nzv_398","-ci7nzv_399","-ci7nzv_400","security","kotlin-pdf","-ci7nzv_403","kotlin-brand-assets","-ci7nzv_405"],"tabIndex":20},"faq":{"id":"faq","title":"FAQ","url":"faq.html","level":1,"parentId":"-ci7nzv_22","tabIndex":0},"-ci7nzv_398":{"id":"-ci7nzv_398","title":"Kotlin compatibility guides","level":1,"parentId":"-ci7nzv_22","pages":["compatibility-guide-21","compatibility-guide-20","compatibility-guide-19","compatibility-guide-18","compatibility-guide-1720","compatibility-guide-17","compatibility-guide-16","compatibility-guide-15","compatibility-guide-14","compatibility-guide-13","compatibility-modes"],"tabIndex":1},"compatibility-guide-21":{"id":"compatibility-guide-21","title":"Compatibility guide for Kotlin 2.1","url":"compatibility-guide-21.html","level":2,"parentId":"-ci7nzv_398","tabIndex":0},"compatibility-guide-20":{"id":"compatibility-guide-20","title":"Compatibility guide for Kotlin 2.0","url":"compatibility-guide-20.html","level":2,"parentId":"-ci7nzv_398","tabIndex":1},"compatibility-guide-19":{"id":"compatibility-guide-19","title":"Compatibility guide for Kotlin 1.9","url":"compatibility-guide-19.html","level":2,"parentId":"-ci7nzv_398","tabIndex":2},"compatibility-guide-18":{"id":"compatibility-guide-18","title":"Compatibility guide for Kotlin 1.8","url":"compatibility-guide-18.html","level":2,"parentId":"-ci7nzv_398","tabIndex":3},"compatibility-guide-1720":{"id":"compatibility-guide-1720","title":"Compatibility guide for Kotlin 1.7.20","url":"compatibility-guide-1720.html","level":2,"parentId":"-ci7nzv_398","tabIndex":4},"compatibility-guide-17":{"id":"compatibility-guide-17","title":"Compatibility guide for Kotlin 1.7","url":"compatibility-guide-17.html","level":2,"parentId":"-ci7nzv_398","tabIndex":5},"compatibility-guide-16":{"id":"compatibility-guide-16","title":"Compatibility guide for Kotlin 1.6","url":"compatibility-guide-16.html","level":2,"parentId":"-ci7nzv_398","tabIndex":6},"compatibility-guide-15":{"id":"compatibility-guide-15","title":"Compatibility guide for Kotlin 1.5","url":"compatibility-guide-15.html","level":2,"parentId":"-ci7nzv_398","tabIndex":7},"compatibility-guide-14":{"id":"compatibility-guide-14","title":"Compatibility guide for Kotlin 1.4","url":"compatibility-guide-14.html","level":2,"parentId":"-ci7nzv_398","tabIndex":8},"compatibility-guide-13":{"id":"compatibility-guide-13","title":"Compatibility guide for Kotlin 1.3","url":"compatibility-guide-13.html","level":2,"parentId":"-ci7nzv_398","tabIndex":9},"compatibility-modes":{"id":"compatibility-modes","title":"Compatibility modes","url":"compatibility-modes.html","level":2,"parentId":"-ci7nzv_398","tabIndex":10},"-ci7nzv_399":{"id":"-ci7nzv_399","title":"Kotlin 基金会","level":1,"parentId":"-ci7nzv_22","pages":["-ci7nzv_418","-ci7nzv_419","-ci7nzv_420","-ci7nzv_421","-ci7nzv_422"],"tabIndex":2},"-ci7nzv_418":{"id":"-ci7nzv_418","title":"Kotlin Foundation","url":"https://kotlinfoundation.org/","level":2,"parentId":"-ci7nzv_399","tabIndex":0},"-ci7nzv_419":{"id":"-ci7nzv_419","title":"Language Committee guidelines","url":"https://kotlinfoundation.org/language-committee-guidelines/","level":2,"parentId":"-ci7nzv_399","tabIndex":1},"-ci7nzv_420":{"id":"-ci7nzv_420","title":"Submitting incompatible changes","url":"https://kotlinfoundation.org/submitting-incompatible-changes/","level":2,"parentId":"-ci7nzv_399","tabIndex":2},"-ci7nzv_421":{"id":"-ci7nzv_421","title":"Brand usage","url":"https://kotlinfoundation.org/guidelines/","level":2,"parentId":"-ci7nzv_399","tabIndex":3},"-ci7nzv_422":{"id":"-ci7nzv_422","title":"Kotlin Foundation FAQ","url":"https://kotlinfoundation.org/faq/","level":2,"parentId":"-ci7nzv_399","tabIndex":4},"-ci7nzv_400":{"id":"-ci7nzv_400","title":"谷歌代码之夏","level":1,"parentId":"-ci7nzv_22","pages":["gsoc-overview","gsoc-2025","gsoc-2024","gsoc-2023"],"tabIndex":3},"gsoc-overview":{"id":"gsoc-overview","title":"Overview","url":"gsoc-overview.html","level":2,"parentId":"-ci7nzv_400","tabIndex":0},"gsoc-2025":{"id":"gsoc-2025","title":"GSoC 2025","url":"gsoc-2025.html","level":2,"parentId":"-ci7nzv_400","tabIndex":1},"gsoc-2024":{"id":"gsoc-2024","title":"GSoC 2024","url":"gsoc-2024.html","level":2,"parentId":"-ci7nzv_400","tabIndex":2},"gsoc-2023":{"id":"gsoc-2023","title":"GSoC 2023","url":"gsoc-2023.html","level":2,"parentId":"-ci7nzv_400","tabIndex":3},"security":{"id":"security","title":"Security","url":"security.html","level":1,"parentId":"-ci7nzv_22","tabIndex":4},"kotlin-pdf":{"id":"kotlin-pdf","title":"Kotlin documentation as PDF","url":"kotlin-pdf.html","level":1,"parentId":"-ci7nzv_22","tabIndex":5},"-ci7nzv_403":{"id":"-ci7nzv_403","title":"社区","level":1,"parentId":"-ci7nzv_22","pages":["contribute","kug-guidelines","kotlin-night-guidelines","slack-code-of-conduct"],"tabIndex":6},"contribute":{"id":"contribute","title":"Contribution","url":"contribute.html","level":2,"parentId":"-ci7nzv_403","tabIndex":0},"kug-guidelines":{"id":"kug-guidelines","title":"KUG guidelines","url":"kug-guidelines.html","level":2,"parentId":"-ci7nzv_403","tabIndex":1},"kotlin-night-guidelines":{"id":"kotlin-night-guidelines","title":"Kotlin Night guidelines","url":"kotlin-night-guidelines.html","level":2,"parentId":"-ci7nzv_403","tabIndex":2},"slack-code-of-conduct":{"id":"slack-code-of-conduct","title":"Code of conduct and guidelines for Kotlin Slack","url":"slack-code-of-conduct.html","level":2,"parentId":"-ci7nzv_403","tabIndex":3},"kotlin-brand-assets":{"id":"kotlin-brand-assets","title":"Kotlin brand assets","url":"kotlin-brand-assets.html","level":1,"parentId":"-ci7nzv_22","tabIndex":7},"-ci7nzv_405":{"id":"-ci7nzv_405","title":"Press kit","url":"https://kotlinlang.org/assets/kotlin-media-kit.pdf","level":1,"parentId":"-ci7nzv_22","tabIndex":8},"implicit-backing-field":{"id":"implicit-backing-field","title":"什么是隐式幕后字段","url":"implicit-backing-field.html","level":1,"parentId":"-ci7nzv_23","tabIndex":0},"static-dispatchpic":{"id":"static-dispatchpic","title":"静态分派","url":"static-dispatchpic.html","level":1,"parentId":"-ci7nzv_23","tabIndex":1},"type-covariant":{"id":"type-covariant","title":"什么是类型协变","url":"type-covariant.html","level":1,"parentId":"-ci7nzv_23","tabIndex":2},"why-producer-cant-use-set-and-add-function":{"id":"why-producer-cant-use-set-and-add-function","title":"为什么 List\u003c? extends Foo\u003e 不能调用 add() 或 set() 方法","url":"why-producer-cant-use-set-and-add-function.html","level":1,"parentId":"-ci7nzv_24","tabIndex":0}}},"topLevelIds":["translator-says","home","getting-started","kotlin-tour-welcome","-ci7nzv_6","-ci7nzv_7","-ci7nzv_8","-ci7nzv_9","-ci7nzv_10","-ci7nzv_11","-ci7nzv_12","-ci7nzv_13","-ci7nzv_14","-ci7nzv_15","-ci7nzv_16","-ci7nzv_17","-ci7nzv_18","-ci7nzv_19","-ci7nzv_20","-ci7nzv_21","-ci7nzv_22"]}