{"title":"Kotlin 官方中文文档（翻译施工中...）","subtitle":"最新稳定版本：2.1.20","tips":[{"title":"开始使用 Kotlin","description":"为您选择的平台创建第一个 Kotlin 项目，使用的 IDE：IntelliJ IDEA 或 Android Studio","url":"getting-started.html","type":"start"},{"title":"在线体验 Kotlin","description":"直接在浏览器中编写、编辑、运行和分享 Kotlin 代码","url":"https://play.kotlinlang.org/","type":"install"}],"main":{"title":"入门","data":[{"title":"基础语法","description":"Kotlin 语法简介：关键字、运算符、程序结构","url":"basic-syntax.html"},{"title":"Kotlin 之旅","description":"带您了解 Kotlin 编程语言的基础知识","url":"kotlin-tour-welcome.html"}]},"highlighted":{"title":"Kotlin 跨平台","data":[{"title":"Kotlin 跨平台概述","description":"探索 Kotlin 跨平台技术，以便在您的应用程序之间共享代码","url":"multiplatform.html"},{"title":"Kotlin 跨平台向导","description":"快速创建并下载一个跨平台项目模板","url":"https://kmp.jetbrains.com/"},{"title":"开始使用 Kotlin 跨平台","description":"创建一个同时适用于 Android 和 iOS 的移动应用程序","url":"https://www.jetbrains.com/help/kotlin-multiplatform-dev/multiplatform-create-first-app.html"},{"title":"开始使用 Compose 跨平台","description":"使用 Compose 跨平台在移动、桌面和 Web 上实现统一的用户界面","url":"https://www.jetbrains.com/help/kotlin-multiplatform-dev/compose-multiplatform-create-first-app.html"}]},"groups":[{"title":"Featured topics","type":"cards","display":"wide","data":[{"title":"Kotlin 2.1.20 中的新变化","description":"新的实验性功能、性能改进和错误修复","url":"whatsnew2120.html"},{"title":"Kotlin 版本","description":"最新的 Kotlin 版本以及如何更新到这些版本","url":"releases.html"},{"title":"标准库 API 参考","description":"使用 Kotlin 进行日常工作的生活必需品：IO、文件、线程、集合等等","url":"https://kotlinlang.org/api/latest/jvm/stdlib/"},{"title":"基本类型","description":"Kotlin 类型系统：数字、字符串、数组和其他内置类型","url":"basic-types.html"},{"title":"集合","description":"集合：列表、集和映射","url":"collections-overview.html"},{"title":"协程","description":"并发性：协程、流、通道","url":"coroutines-overview.html"}]}],"prevNextLinks":{"prevPageTitle":"译者说","nextPageUrl":"getting-started.html","nextPageTitle":"开始使用 Kotlin","prevPageUrl":"translator-says.html"}}