{"title":"Kotlin 跨平台（Kotlin Multiplatform）","subtitle":"简化跨平台项目的开发，减少为不同平台编写和维护相同代码的时间。","tips":[{"title":"Kotlin 跨平台基础","description":"探索 Kotlin 跨平台技术背后的技术细节","url":"multiplatform-intro.html","type":"documents"},{"title":"Kotlin 跨平台实践","description":"通过实际项目亲身体验 Kotlin 跨平台","url":"https://www.jetbrains.com/help/kotlin-multiplatform-dev","type":"presentation"}],"main":{"title":"常见用例","data":[{"title":"共享逻辑但保持原生 UI","description":"了解 Kotlin 跨平台，并在 Android Studio 中创建一个在 Android 和 iOS 上都能运行的移动应用","url":"https://www.jetbrains.com/help/kotlin-multiplatform-dev/multiplatform-create-first-app.html"},{"title":"共享逻辑和 UI","description":"创建一个共享 UI 的应用，在 Android、iOS 和桌面端都能使用 Compose Multiplatform","url":"https://www.jetbrains.com/help/kotlin-multiplatform-dev/compose-multiplatform-create-first-app.html"},{"title":"共享一部分逻辑","description":"创建一个跨平台应用，实现 Android 和 iOS 之间共享数据访问层","url":"https://www.jetbrains.com/help/kotlin-multiplatform-dev/multiplatform-ktor-sqldelight.html"},{"title":"让你的应用跨平台","description":"让你的 Android 应用可以在 iOS 上运行","url":"https://www.jetbrains.com/help/kotlin-multiplatform-dev/multiplatform-integrate-in-existing-app.html"}]},"highlighted":{"title":"Kotlin 跨平台技术","data":[{"title":"项目结构的关键概念","description":"学习基础知识：公共和平台特定代码、目标和源代码集","url":"multiplatform-discover-project.html"},{"title":"预期和实际声明","description":"使用预期和实际声明访问平台特定的 API","url":"multiplatform-expect-actual.html"},{"title":"层级化项目结构","description":"安排源代码集的层级结构，以共享公共代码","url":"multiplatform-hierarchy.html"},{"title":"Gradle DSL 参考","description":"配置 Gradle 构建脚本以支持 Kotlin 跨平台项目","url":"multiplatform-dsl-reference.html"}]},"groups":[{"type":"links","display":"normal","data":[{"title":"教程与示例","data":[{"title":"设置开发环境","description":"为 KMP 开发设置环境","url":"https://www.jetbrains.com/help/kotlin-multiplatform-dev/multiplatform-setup.html"},{"title":"让你的应用跨平台","description":"让你的 Android 应用可以在 iOS 上运行","url":"https://www.jetbrains.com/help/kotlin-multiplatform-dev/multiplatform-integrate-in-existing-app.html"},{"title":"测试你的跨平台应用","description":"学习如何创建和测试 Kotlin 跨平台应用","url":"https://www.jetbrains.com/help/kotlin-multiplatform-dev/multiplatform-run-tests.html"},{"title":"查看精选项目列表","description":"Kotlin 跨平台示例","url":"https://www.jetbrains.com/help/kotlin-multiplatform-dev/multiplatform-samples.html"},{"title":"在 GitHub 上查找更多项目","description":"GitHub “kotlin-multiplatform” 话题","url":"https://github.com/topics/kotlin-multiplatform-sample"}]},{"title":"工具","data":[{"title":"新建项目向导","description":"快速创建并下载跨平台项目模板","url":"https://kmp.jetbrains.com/"},{"title":"Android Studio 插件","description":"Android Studio 插件，用于开发 Android 和 iOS 应用","url":"https://plugins.jetbrains.com/plugin/14936-kotlin-multiplatform"},{"title":"Compose 跨平台 UI 框架","description":"JetBrains 开发的基于 Kotlin 的声明式 UI 框架","url":"https://www.jetbrains.com/lp/compose-multiplatform/"},{"title":"Fleet 代码编辑器","description":"使用 Fleet 进行跨平台开发","url":"https://www.jetbrains.com/help/kotlin-multiplatform-dev/fleet.html"},{"title":"Amper 配置工具","description":"使用 Amper 配置项目","url":"https://www.jetbrains.com/help/kotlin-multiplatform-dev/amper.html"}]},{"title":"社区与帮助","data":[{"title":"加入我们的 Slack 渠道","description":"Kotlin Slack","url":"https://kotlinlang.slack.com/archives/C3PQML5NU"},{"title":"在 StackOverflow 上订阅我们的标签","description":"订阅 kotlin-multiplatform 标签","url":"https://stackoverflow.com/questions/tagged/kotlin-multiplatform"},{"title":"在 YouTrack 上报告问题","description":"Kotlin 问题追踪器","url":"https://youtrack.jetbrains.com/newIssue?project\u003dKT"}]}]}],"prevNextLinks":{"prevPageTitle":"空值安全","nextPageUrl":"server-overview.html","nextPageTitle":"用于服务器端的 Kotlin","prevPageUrl":"kotlin-tour-null-safety.html"}}